{
  "processed": 75,
  "successes": 0,
  "errors": 150,
  "latencies": [
    0.004925966262817383,
    0.004758119583129883,
    0.004649162292480469,
    0.004190921783447266,
    0.004698038101196289,
    0.005536079406738281,
    0.004086017608642578,
    0.0037751197814941406,
    0.004948139190673828,
    0.003969669342041016,
    0.0032749176025390625,
    0.003531217575073242,
    0.003407716751098633,
    0.0020961761474609375,
    0.0035250186920166016,
    0.0027000904083251953,
    0.005183219909667969,
    0.004722118377685547,
    0.004930019378662109,
    0.0037670135498046875,
    0.0035932064056396484,
    0.0048482418060302734,
    0.004782199859619141,
    0.004982709884643555,
    0.004808902740478516,
    0.00458216667175293,
    0.004419088363647461,
    0.004621028900146484,
    0.004456996917724609,
    0.004436016082763672,
    0.0046579837799072266,
    0.004126071929931641,
    0.004168033599853516,
    0.0040929317474365234,
    0.004652738571166992,
    0.004336118698120117,
    0.00513005256652832,
    0.004045009613037109,
    0.004199981689453125,
    0.004224061965942383,
    0.004355907440185547,
    0.003875732421875,
    0.004855155944824219,
    0.0044820308685302734,
    0.0044710636138916016,
    0.0051021575927734375,
    0.004791975021362305,
    0.004490852355957031,
    0.0048329830169677734,
    0.004127979278564453,
    0.005277156829833984,
    0.004676103591918945,
    0.004145145416259766,
    0.0043718814849853516,
    0.004567861557006836,
    0.004900932312011719,
    0.005169868469238281,
    0.005646944046020508,
    0.004227876663208008,
    0.0040624141693115234,
    0.0045468807220458984,
    0.003760814666748047,
    0.00471806526184082,
    0.004316091537475586,
    0.0047321319580078125,
    0.004210948944091797,
    0.004109859466552734,
    0.004214048385620117,
    0.00609898567199707,
    0.0022351741790771484,
    0.005085945129394531,
    0.004740238189697266,
    0.004523754119873047,
    0.004595279693603516,
    0.0035789012908935547
  ],
  "payload_sizes": [
    215,
    215,
    215,
    215,
    215,
    215,
    215,
    215,
    215,
    215,
    215,
    215,
    215,
    215,
    215,
    215,
    215,
    215,
    215,
    215,
    215,
    215,
    215,
    215,
    215,
    215,
    215,
    215,
    215,
    215,
    215,
    215,
    215,
    215,
    215,
    215,
    215,
    215,
    215,
    215,
    215,
    215,
    215,
    215,
    215,
    215,
    215,
    215,
    215,
    215,
    215,
    215,
    215,
    215,
    215,
    215,
    215,
    215,
    215,
    215,
    215,
    215,
    215,
    215,
    215,
    215,
    215,
    215,
    215,
    215,
    215,
    215,
    215,
    215,
    215
  ],
  "status_codes": {
    "404": 75
  },
  "timestamps": [
    1746573633.025695,
    1746573634.0465221,
    1746573635.064735,
    1746573636.08681,
    1746573637.109004,
    1746573638.129654,
    1746573639.14739,
    1746573640.161324,
    1746573641.1770968,
    1746573642.194145,
    1746573643.2077382,
    1746573644.220809,
    1746573645.2349582,
    1746573646.2507892,
    1746573647.266096,
    1746573648.2790642,
    1746573649.2994492,
    1746573650.31809,
    1746573651.336738,
    1746573652.3501492,
    1746573653.368811,
    1746573654.387424,
    1746573655.406164,
    1746573656.426504,
    1746573657.446004,
    1746573658.46449,
    1746573659.480684,
    1746573660.499518,
    1746573661.516903,
    1746573662.534879,
    1746573663.555944,
    1746573664.573079,
    1746573665.5940108,
    1746573666.613599,
    1746573667.6321,
    1746573668.650408,
    1746573669.666333,
    1746573670.6890738,
    1746573671.711761,
    1746573672.7308748,
    1746573673.7514398,
    1746573674.7710102,
    1746573675.7908711,
    1746573676.810611,
    1746573677.831743,
    1746573678.856382,
    1746573679.874429,
    1746573680.8950882,
    1746573681.91224,
    1746573682.927778,
    1746573683.9487739,
    1746573684.9679139,
    1746573685.987083,
    1746573687.0072498,
    1746573688.0278358,
    1746573689.045311,
    1746573690.061541,
    1746573691.078339,
    1746573692.098447,
    1746573693.116877,
    1746573694.133245,
    1746573695.149097,
    1746573696.167896,
    1746573697.184282,
    1746573698.205836,
    1746573699.2231848,
    1746573700.2413492,
    1746573701.259795,
    1746573702.279943,
    1746573703.290407,
    1746573704.3082209,
    1746573705.329067,
    1746573706.352355,
    1746573707.370053,
    1746573708.3837461
  ],
  "rpm": 59,
  "avg_latency": 0.004396498998006185,
  "avg_payload_size": 215.0,
  "error_percentage": 66.66666666666666,
  "success_percentage": 0.0
}