{
  "processed": 4,
  "successes": 4,
  "errors": 0,
  "latencies": [
    1.0113868713378906,
    1.0131652355194092,
    1.0158660411834717,
    1.0091478824615479
  ],
  "payload_sizes": [
    2778,
    3282,
    19811,
    2774
  ],
  "status_codes": {
    "200": 4
  },
  "timestamps": [
    1746568049.390314,
    1746568050.4059541,
    1746568051.4247,
    1746568052.4362628
  ],
  "rpm": 4,
  "avg_latency": 1.0123915076255798,
  "avg_payload_size": 7161.25,
  "error_percentage": 0.0,
  "success_percentage": 100.0
}