{
  "processed": 75,
  "successes": 75,
  "errors": 0,
  "latencies": [
    1.0125789642333984,
    1.0123920440673828,
    1.0098838806152344,
    1.0140109062194824,
    1.0128703117370605,
    1.0108311176300049,
    1.010735273361206,
    1.0065116882324219,
    1.0070531368255615,
    1.0087370872497559,
    1.0085198879241943,
    1.007932186126709,
    1.0094640254974365,
    1.0123050212860107,
    1.0096828937530518,
    1.0088069438934326,
    1.011122226715088,
    1.0106492042541504,
    1.0085670948028564,
    1.007012128829956,
    1.0130178928375244,
    1.0103859901428223,
    1.0103821754455566,
    1.012171983718872,
    1.0110647678375244,
    1.010080099105835,
    1.0077760219573975,
    1.0108537673950195,
    1.0092639923095703,
    1.009880781173706,
    1.0126862525939941,
    1.0086369514465332,
    1.0122120380401611,
    1.0121541023254395,
    1.0095107555389404,
    1.009937047958374,
    1.007446050643921,
    1.014620304107666,
    1.0140132904052734,
    1.0117738246917725,
    1.0118680000305176,
    1.0121150016784668,
    1.0108990669250488,
    1.010235071182251,
    1.0121159553527832,
    1.014559268951416,
    1.0098209381103516,
    1.011699914932251,
    1.0091519355773926,
    1.0079588890075684,
    1.0113708972930908,
    1.0113189220428467,
    1.0114169120788574,
    1.0111730098724365,
    1.0118417739868164,
    1.0090148448944092,
    1.0079078674316406,
    1.0078880786895752,
    1.0117950439453125,
    1.0106658935546875,
    1.008469820022583,
    1.0088179111480713,
    1.0104689598083496,
    1.0084199905395508,
    1.0129730701446533,
    1.009765863418579,
    1.009033203125,
    1.0096051692962646,
    1.010591983795166,
    1.0066568851470947,
    1.0079741477966309,
    1.011948585510254,
    1.0135581493377686,
    1.00886869430542,
    1.0081050395965576
  ],
  "payload_sizes": [
    19775,
    3307,
    3265,
    19875,
    19857,
    19815,
    19907,
    3218,
    19822,
    19822,
    19888,
    19833,
    3312,
    19814,
    2769,
    19845,
    19860,
    2778,
    19821,
    2769,
    19844,
    19846,
    3305,
    3305,
    2770,
    3312,
    2773,
    2770,
    3239,
    3207,
    2776,
    2774,
    2786,
    3223,
    3294,
    3305,
    3212,
    19887,
    19844,
    2772,
    2784,
    3211,
    2781,
    19845,
    3305,
    19821,
    19820,
    19760,
    2772,
    2775,
    19868,
    3244,
    3267,
    3236,
    3311,
    2767,
    3313,
    2780,
    19854,
    19926,
    2772,
    3295,
    3253,
    19868,
    3281,
    3299,
    3235,
    2770,
    2770,
    3311,
    3305,
    3305,
    19824,
    2767,
    19894
  ],
  "status_codes": {
    "200": 75
  },
  "timestamps": [
    1746573633.017445,
    1746573634.038694,
    1746573635.057102,
    1746573636.079555,
    1746573637.100817,
    1746573638.120665,
    1746573639.1411562,
    1746573640.154628,
    1746573641.1693141,
    1746573642.187371,
    1746573643.203351,
    1746573644.216073,
    1746573645.230591,
    1746573646.247555,
    1746573647.2607338,
    1746573648.275531,
    1746573649.2906501,
    1746573650.310663,
    1746573651.3274,
    1746573652.344387,
    1746573653.363932,
    1746573654.379781,
    1746573655.398412,
    1746573656.418893,
    1746573657.438194,
    1746573658.456668,
    1746573659.472872,
    1746573660.492085,
    1746573661.509387,
    1746573662.527618,
    1746573663.548214,
    1746573664.565334,
    1746573665.586219,
    1746573666.606736,
    1746573667.6240342,
    1746573668.642625,
    1746573669.658371,
    1746573670.681762,
    1746573671.704166,
    1746573672.724116,
    1746573673.743621,
    1746573674.764096,
    1746573675.782439,
    1746573676.801931,
    1746573677.82356,
    1746573678.8473501,
    1746573679.866905,
    1746573680.887323,
    1746573681.904904,
    1746573682.9210439,
    1746573683.940246,
    1746573684.960705,
    1746573685.980191,
    1746573686.99917,
    1746573688.019754,
    1746573689.0376792,
    1746573690.0538309,
    1746573691.070034,
    1746573692.090851,
    1746573693.109736,
    1746573694.125921,
    1746573695.142891,
    1746573696.1605492,
    1746573697.177021,
    1746573698.1979141,
    1746573699.216209,
    1746573700.233098,
    1746573701.251596,
    1746573702.270997,
    1746573703.287286,
    1746573704.298652,
    1746573705.320821,
    1746573706.343437,
    1746573707.3619368,
    1746573708.378859
  ],
  "rpm": 59,
  "avg_latency": 1.0103681182861328,
  "avg_payload_size": 9106.466666666667,
  "error_percentage": 0.0,
  "success_percentage": 100.0
}