{
  "processed": 6,
  "successes": 6,
  "errors": 0,
  "latencies": [
    1.0113661289215088,
    1.017401933670044,
    1.01241135597229,
    1.0095138549804688,
    1.0139870643615723,
    1.0120320320129395
  ],
  "payload_sizes": [
    2780,
    19842,
    3206,
    3310,
    19809,
    3279
  ],
  "status_codes": {
    "200": 6
  },
  "timestamps": [
    1746567832.9891121,
    1746567834.014272,
    1746567835.034642,
    1746567836.051318,
    1746567837.072541,
    1746567838.0920582
  ],
  "rpm": 6,
  "avg_latency": 1.0127853949864705,
  "avg_payload_size": 8704.333333333334,
  "error_percentage": 0.0,
  "success_percentage": 100.0
}